Date,Open,High,Low,Close,Adj Close,Volume
2018-01-02,11079.6396484375,11178.0498046875,11072.8701171875,11178.0498046875,11178.005859375,97900
2018-01-03,11181.1796875,11316.4599609375,11171.1201171875,11280.2998046875,11280.255859375,115500
2018-01-04,11270.91015625,11341.349609375,11259.4599609375,11341.349609375,11341.3046875,99200
2018-01-05,11339.5703125,11372.2900390625,11310.2900390625,11342.849609375,11342.8046875,107700
2018-01-08,11343.8203125,11386.0400390625,11287.599609375,11382.7197265625,11382.6748046875,122800
2018-01-09,11371.9296875,11449.599609375,11358.1298828125,11447.08984375,11447.044921875,107900
2018-01-10,11439.2197265625,11446.41015625,11345.099609375,11437.080078125,11437.03515625,113800
2018-01-11,11411.580078125,11482.8095703125,11372.3603515625,11464.2001953125,11464.1552734375,106500
2018-01-12,11459.4599609375,11496.5302734375,11420.259765625,11461.990234375,11461.9453125,102200
2018-01-15,11453.330078125,11476.580078125,11277.3095703125,11307.4599609375,11307.4150390625,133200
2018-01-16,11283.599609375,11402.4599609375,11283.2900390625,11386.91015625,11386.865234375,117000
2018-01-17,11366.599609375,11367.16015625,11185.919921875,11303.9697265625,11303.9248046875,133200
2018-01-18,11287.6396484375,11375.1103515625,11279.419921875,11319.91015625,11319.865234375,89600
2018-01-19,11314.4599609375,11393.0400390625,11276.5703125,11296.26953125,11296.224609375,112000
2018-01-22,11289.8603515625,11513.080078125,11273.6904296875,11513.080078125,11513.03515625,107800
2018-01-23,11514.5595703125,11564.9501953125,11493.740234375,11555.25,11555.2041015625,101600
2018-01-24,11548.2099609375,11613.9599609375,11456.259765625,11607.5703125,11607.5244140625,127800
2018-01-25,11588.3798828125,11633.4599609375,11548.6796875,11552.5595703125,11552.513671875,123900
2018-01-26,11524.7001953125,11605.1298828125,11512.9404296875,11557.8203125,11557.7744140625,100800
2018-01-29,11547.6796875,11556.650390625,11323.6904296875,11352.7197265625,11352.6748046875,122400
2018-01-30,11319.9697265625,11370.0,11260.3095703125,11278.7802734375,11278.736328125,93800
2018-01-31,11210.0595703125,11244.1796875,11119.3203125,11159.6796875,11159.6357421875,107200
2018-02-01,11145.41015625,11171.3603515625,10836.349609375,10864.33984375,10864.296875,129200
2018-02-02,10794.1298828125,10933.150390625,10663.5400390625,10925.16015625,10925.1171875,107000
2018-02-05,10761.080078125,10873.240234375,10741.849609375,10836.25,10836.20703125,91100
2018-02-06,10603.5400390625,10685.16015625,10377.6103515625,10377.6103515625,10377.5693359375,117900
2018-02-07,10563.3095703125,10599.5400390625,10173.66015625,10246.9697265625,10246.9296875,112700
2018-02-08,10219.3896484375,10411.2001953125,10219.2099609375,10372.58984375,10372.548828125,86200
2018-02-09,10096.4697265625,10172.7802734375,9868.830078125,10001.23046875,10001.19140625,113500
2018-02-12,10059.8603515625,10325.6796875,10059.8603515625,10291.8798828125,10291.83984375,81000
2018-02-13,10367.6796875,10486.8095703125,10350.169921875,10362.4296875,10362.388671875,77200
2018-02-14,10381.16015625,10433.08984375,10319.150390625,10431.91015625,10431.869140625,53400
2018-02-22,10547.8095703125,10667.7998046875,10526.98046875,10658.9404296875,10658.8984375,78400
2018-02-23,10667.8095703125,10700.1103515625,10578.7900390625,10662.7900390625,10662.748046875,75900
2018-02-26,10731.3095703125,10920.2099609375,10670.169921875,10895.5595703125,10895.5166015625,111800
2018-02-27,10898.2900390625,10915.3603515625,10791.9501953125,10807.5302734375,10807.4873046875,104000
2018-02-28,10705.8095703125,10875.7099609375,10656.3603515625,10828.73046875,10828.6875,100900
2018-03-01,10754.6201171875,10943.1298828125,10732.9296875,10943.1298828125,10943.0869140625,97800
2018-03-02,10857.8701171875,10947.3896484375,10840.009765625,10856.25,10856.20703125,91600
2018-03-05,10882.8701171875,10913.0302734375,10813.4697265625,10875.6796875,10875.63671875,80000
2018-03-06,10909.2802734375,11007.9501953125,10873.849609375,11007.9501953125,11007.9072265625,112200
2018-03-07,10993.9501953125,11031.48046875,10897.580078125,10904.990234375,10904.947265625,91800
2018-03-08,10902.349609375,11019.080078125,10892.1796875,11019.080078125,11019.037109375,83200
2018-03-09,11040.3701171875,11203.7197265625,11030.5498046875,11194.91015625,11194.8662109375,120300
2018-03-12,11266.3203125,11328.76953125,11260.4599609375,11326.26953125,11326.224609375,134100
2018-03-13,11311.0400390625,11335.2998046875,11236.3798828125,11241.41015625,11241.3662109375,108900
2018-03-14,11198.76953125,11242.2998046875,11138.3896484375,11139.6298828125,11139.5859375,93900
2018-03-15,11100.5302734375,11195.9404296875,11051.6201171875,11163.650390625,11163.6064453125,90300
2018-03-16,11166.4296875,11192.3603515625,11051.1201171875,11051.1201171875,11051.076171875,81700
2018-03-19,11046.0302734375,11120.75,10994.6796875,11068.490234375,11068.4462890625,80600
2018-03-20,10982.73046875,11082.0302734375,10951.990234375,11077.7998046875,11077.755859375,80300
2018-03-21,11100.91015625,11170.5595703125,10973.580078125,10980.5498046875,10980.5068359375,94100
2018-03-22,10988.830078125,11035.580078125,10858.4404296875,10877.25,10877.20703125,82700
2018-03-23,10511.16015625,10664.9296875,10256.5,10439.990234375,10439.94921875,148400
2018-03-26,10303.75,10564.3798828125,10217.2197265625,10564.3798828125,10564.337890625,101900
2018-03-27,10683.16015625,10799.3701171875,10675.5,10775.7099609375,10775.66796875,114100
2018-03-28,10633.7001953125,10768.48046875,10613.0595703125,10630.6904296875,10630.6484375,99500
2018-03-29,10676.5595703125,10778.7998046875,10564.2900390625,10755.919921875,10755.8779296875,95800
2018-03-30,10776.7099609375,10883.0498046875,10766.5302734375,10868.650390625,10868.607421875,99700
2018-04-02,10887.4697265625,10950.2197265625,10835.7099609375,10852.9501953125,10852.9072265625,116500
2018-04-03,10718.4296875,10783.9296875,10667.330078125,10754.2900390625,10754.248046875,100200
2018-04-04,10778.8603515625,10829.8203125,10678.9404296875,10684.5595703125,10684.517578125,89000
2018-04-09,10655.0703125,10725.1103515625,10571.16015625,10653.3798828125,10653.337890625,85300
2018-04-10,10671.6904296875,10765.6201171875,10628.240234375,10765.6201171875,10765.578125,92300
2018-04-11,10796.5,10856.4404296875,10786.83984375,10808.3701171875,10808.3271484375,89900
2018-04-12,10797.349609375,10825.66015625,10720.830078125,10726.9501953125,10726.908203125,75300
2018-04-13,10789.76953125,10825.669921875,10670.650390625,10687.01953125,10686.9775390625,72500
2018-04-16,10660.6904296875,10704.3896484375,10540.6904296875,10621.7900390625,10621.748046875,95000
2018-04-17,10636.8798828125,10669.150390625,10390.0498046875,10395.16015625,10395.119140625,95400
2018-04-18,10477.51953125,10514.740234375,10249.8701171875,10491.150390625,10491.109375,111000
2018-04-19,10502.3603515625,10646.7001953125,10485.41015625,10598.349609375,10598.3076171875,101000
2018-04-20,10571.990234375,10619.169921875,10392.6904296875,10408.91015625,10408.869140625,97100
2018-04-23,10416.7802734375,10471.2099609375,10228.08984375,10330.6298828125,10330.5888671875,94900
2018-04-24,10325.509765625,10556.8203125,10325.509765625,10556.8203125,10556.7783203125,97600
2018-04-25,10503.9404296875,10579.1796875,10488.8701171875,10547.099609375,10547.05859375,86900
2018-04-26,10495.0302734375,10508.009765625,10290.3701171875,10292.1201171875,10292.080078125,91500
2018-04-27,10353.01953125,10382.76953125,10239.9697265625,10324.4697265625,10324.4287109375,82700
2018-05-02,10356.1904296875,10433.2802734375,10283.51953125,10342.849609375,10342.80859375,77300
2018-05-03,10329.16015625,10459.3896484375,10228.259765625,10458.6201171875,10458.5791015625,91300
2018-05-04,10428.849609375,10490.0595703125,10411.830078125,10426.1904296875,10426.1494140625,70100
2018-05-07,10456.4296875,10626.509765625,10450.490234375,10626.509765625,10626.4677734375,81900
2018-05-08,10632.1103515625,10721.98046875,10630.580078125,10707.7998046875,10707.7578125,85200
2018-05-09,10693.2197265625,10705.150390625,10639.919921875,10689.0703125,10689.0283203125,68800
2018-05-10,10706.73046875,10742.6396484375,10651.8701171875,10729.76953125,10729.7275390625,76200
2018-05-11,10748.8896484375,10752.8203125,10634.23046875,10634.2998046875,10634.2578125,80400
2018-05-14,10649.1103515625,10723.7900390625,10641.2900390625,10671.4599609375,10671.41796875,82700
2018-05-15,10692.8203125,10747.990234375,10632.5498046875,10747.990234375,10747.9482421875,75500
2018-05-16,10713.58984375,10776.4296875,10691.1396484375,10701.3203125,10701.2783203125,74400
2018-05-17,10702.0703125,10713.7099609375,10615.919921875,10635.5,10635.4580078125,64600
2018-05-18,10623.91015625,10679.509765625,10557.75,10672.51953125,10672.4775390625,69100
2018-05-21,10741.1904296875,10789.759765625,10731.6103515625,10765.349609375,10765.3076171875,87400
2018-05-22,10754.7001953125,10765.8095703125,10689.509765625,10765.8095703125,10765.767578125,74800
2018-05-23,10746.8203125,10746.8203125,10631.1201171875,10631.1201171875,10631.078125,80900
2018-05-24,10632.5,10657.4501953125,10552.349609375,10564.1298828125,10564.087890625,70600
2018-05-25,10550.6298828125,10576.8095703125,10435.9501953125,10448.2197265625,10448.1787109375,77800
2018-05-28,10439.650390625,10536.5703125,10382.7197265625,10465.5400390625,10465.4990234375,75000
2018-05-29,10446.990234375,10517.1396484375,10347.9404296875,10349.0703125,10349.029296875,73500
2018-05-30,10203.66015625,10252.150390625,10097.48046875,10105.7900390625,10105.75,90300
2018-05-31,10178.9599609375,10295.73046875,10115.66015625,10295.73046875,10295.6904296875,82600
2018-06-01,10247.16015625,10280.740234375,10122.990234375,10169.349609375,10169.3095703125,71700
2018-06-04,10192.0400390625,10237.599609375,10148.6904296875,10204.3203125,10204.2802734375,68900
2018-06-05,10216.6298828125,10385.6103515625,10216.01953125,10385.6103515625,10385.5693359375,72000
2018-06-06,10375.259765625,10403.9296875,10337.7099609375,10365.1298828125,10365.0888671875,64500
2018-06-07,10397.650390625,10411.5595703125,10308.0595703125,10313.849609375,10313.80859375,64400
2018-06-08,10290.6298828125,10291.900390625,10136.580078125,10205.51953125,10205.4794921875,68500
2018-06-11,10191.3095703125,10242.759765625,10141.26953125,10175.349609375,10175.3095703125,58300
2018-06-12,10187.3095703125,10323.0,10124.98046875,10315.2802734375,10315.2392578125,64400
2018-06-13,10280.080078125,10288.0,10161.3896484375,10161.650390625,10161.6103515625,62900
2018-06-14,10124.759765625,10213.7900390625,10054.3701171875,10084.1796875,10084.1396484375,58700
2018-06-15,10077.4296875,10108.5302734375,9902.6298828125,9943.1298828125,9943.0908203125,72200
2018-06-19,9775.9697265625,9815.009765625,9336.7001953125,9414.759765625,9414.72265625,108000
2018-06-20,9367.740234375,9549.5302734375,9310.1904296875,9501.33984375,9501.302734375,77500
2018-06-21,9493.5,9573.490234375,9313.08984375,9316.6796875,9316.642578125,81000
2018-06-22,9247.01953125,9416.08984375,9172.2998046875,9409.9501953125,9409.9130859375,69400
2018-06-25,9472.91015625,9494.4404296875,9320.66015625,9324.830078125,9324.79296875,69900
2018-06-26,9201.0,9364.509765625,9175.3896484375,9339.3701171875,9339.3330078125,75500
2018-06-27,9338.009765625,9378.080078125,9139.8203125,9168.66015625,9168.6240234375,69700
2018-06-28,9130.51953125,9230.8896484375,9065.2001953125,9071.73046875,9071.6943359375,68000
2018-06-29,9100.599609375,9381.0302734375,9078.240234375,9379.4697265625,9379.4326171875,79900
2018-07-02,9369.240234375,9393.099609375,9107.5498046875,9179.7998046875,9179.763671875,76700
2018-07-03,9184.3095703125,9233.01953125,8945.419921875,9221.5400390625,9221.50390625,87900
2018-07-04,9182.9599609375,9200.26953125,9008.08984375,9035.490234375,9035.455078125,76600
2018-07-05,9036.1201171875,9096.5400390625,8844.669921875,8862.1796875,8862.14453125,73200
2018-07-06,8873.900390625,9035.4501953125,8736.3603515625,8911.33984375,8911.3046875,86400
2018-07-09,8954.3095703125,9160.6201171875,8954.3095703125,9160.6201171875,9160.583984375,74200
2018-07-10,9176.2900390625,9213.8701171875,9123.2197265625,9205.4296875,9205.3935546875,70100
2018-07-11,9024.7197265625,9092.8798828125,8916.98046875,9023.8203125,9023.78515625,77100
2018-07-12,9019.9599609375,9312.3701171875,9019.9599609375,9273.6103515625,9273.57421875,102200
2018-07-13,9288.4697265625,9344.650390625,9270.2001953125,9326.9697265625,9326.9326171875,84000
2018-07-16,9322.9697265625,9366.2099609375,9278.0703125,9317.3603515625,9317.3232421875,74500
2018-07-17,9307.66015625,9307.66015625,9175.66015625,9285.16015625,9285.1240234375,69100
2018-07-18,9293.2001953125,9335.08984375,9195.240234375,9195.240234375,9195.2041015625,74800
2018-07-19,9214.900390625,9266.9296875,9116.4501953125,9148.7802734375,9148.744140625,69100
2018-07-20,9141.509765625,9277.9501953125,9055.8603515625,9251.48046875,9251.4443359375,84100
2018-07-23,9188.4697265625,9314.2998046875,9160.0498046875,9314.2998046875,9314.2626953125,98900
2018-07-24,9316.650390625,9491.240234375,9313.169921875,9465.7998046875,9465.7626953125,122900
2018-07-25,9475.7197265625,9514.9404296875,9436.990234375,9463.759765625,9463.72265625,99600
2018-07-26,9467.5595703125,9488.3896484375,9331.4501953125,9352.25,9352.212890625,95600
2018-07-27,9344.75,9363.169921875,9270.349609375,9295.9296875,9295.8935546875,74700
2018-07-30,9289.3603515625,9309.4404296875,9139.740234375,9181.9404296875,9181.904296875,74800
2018-07-31,9168.830078125,9216.73046875,9132.080078125,9178.7802734375,9178.744140625,64500
2018-08-01,9205.75,9235.740234375,9005.3701171875,9005.3701171875,9005.3349609375,80600
2018-08-02,8971.7099609375,8971.7099609375,8613.83984375,8780.5595703125,8780.525390625,98700
2018-08-03,8767.5595703125,8807.9501953125,8602.1201171875,8602.1201171875,8602.0859375,67200
2018-08-06,8582.4296875,8638.3701171875,8374.400390625,8422.83984375,8422.806640625,70400
2018-08-07,8453.5498046875,8674.0302734375,8379.7001953125,8674.0302734375,8673.99609375,77900
2018-08-08,8654.5498046875,8665.3896484375,8498.2099609375,8499.2197265625,8499.1865234375,72300
2018-08-09,8475.7900390625,8797.580078125,8460.4296875,8752.2001953125,8752.166015625,93500
2018-08-10,8752.9404296875,8839.2900390625,8742.400390625,8813.490234375,8813.455078125,70200
2018-08-13,8712.1201171875,8855.6201171875,8676.2099609375,8844.8603515625,8844.8251953125,75200
2018-08-14,8832.26953125,8843.5703125,8752.759765625,8784.900390625,8784.8662109375,64100
2018-08-15,8786.349609375,8786.349609375,8567.23046875,8581.1796875,8581.1455078125,71300
2018-08-16,8470.91015625,8628.91015625,8408.0,8500.419921875,8500.38671875,70900
2018-08-17,8573.5703125,8597.7900390625,8341.099609375,8357.0400390625,8357.0068359375,68700
2018-08-20,8355.0,8414.150390625,8241.1396484375,8414.150390625,8414.1171875,71400
2018-08-21,8419.7900390625,8561.7900390625,8396.580078125,8549.0595703125,8549.0263671875,71300
2018-08-22,8533.4296875,8533.4296875,8440.580078125,8454.75,8454.716796875,56800
2018-08-23,8446.98046875,8543.419921875,8411.740234375,8501.3896484375,8501.3564453125,66100
2018-08-24,8480.2197265625,8544.25,8438.080078125,8484.740234375,8484.70703125,61300
2018-08-27,8511.3701171875,8728.5595703125,8511.3701171875,8728.5595703125,8728.525390625,85600
2018-08-28,8731.6396484375,8758.7099609375,8693.51953125,8733.75,8733.7158203125,74600
2018-08-29,8716.8203125,8724.8095703125,8649.73046875,8678.259765625,8678.2255859375,74700
2018-08-30,8666.900390625,8701.0400390625,8543.7900390625,8552.7998046875,8552.7666015625,76400
2018-08-31,8509.26953125,8536.0595703125,8425.349609375,8465.4697265625,8465.4365234375,66200
2018-09-03,8440.9501953125,8459.9501953125,8344.9296875,8455.5498046875,8455.5166015625,72100
2018-09-04,8454.1396484375,8573.2001953125,8420.8798828125,8554.4404296875,8554.4072265625,78600
2018-09-05,8519.5703125,8536.83984375,8402.509765625,8402.509765625,8402.4765625,78900
2018-09-06,8369.2998046875,8450.8896484375,8295.48046875,8324.16015625,8324.126953125,65500
2018-09-07,8344.5703125,8462.3896484375,8270.400390625,8322.3603515625,8322.3271484375,73400
2018-09-10,8310.4599609375,8311.91015625,8155.35009765625,8158.490234375,8158.4580078125,71000
2018-09-11,8155.9501953125,8216.6201171875,8112.0,8168.10009765625,8168.06787109375,61900
2018-09-12,8162.169921875,8196.8603515625,8095.009765625,8111.16015625,8111.12841796875,57300
2018-09-13,8196.2099609375,8227.2001953125,8038.1201171875,8163.759765625,8163.7275390625,74000
2018-09-14,8173.56005859375,8180.7001953125,8090.39990234375,8113.8798828125,8113.84814453125,73500
2018-09-17,8068.06005859375,8074.7900390625,7977.43994140625,7999.35009765625,7999.31884765625,63600
2018-09-18,7970.4501953125,8133.89990234375,7958.52001953125,8133.22021484375,8133.18798828125,71200
2018-09-19,8111.240234375,8313.6201171875,8097.22998046875,8248.1201171875,8248.087890625,89000
2018-09-20,8241.7001953125,8295.1298828125,8218.3798828125,8233.8896484375,8233.857421875,70900
2018-09-21,8258.01953125,8419.4697265625,8216.6796875,8409.1796875,8409.146484375,87900
2018-09-25,8336.75,8390.650390625,8311.9296875,8353.3798828125,8353.3466796875,64000
2018-09-26,8369.51953125,8485.6796875,8344.7197265625,8420.5400390625,8420.5068359375,83300
2018-09-27,8411.1796875,8434.8701171875,8331.7802734375,8334.75,8334.716796875,78000
2018-09-28,8351.6298828125,8405.98046875,8317.48046875,8401.08984375,8401.056640625,68100
2018-10-08,8225.83984375,8249.3896484375,8055.97998046875,8060.830078125,8060.79833984375,77400
2018-10-09,8083.22998046875,8132.14990234375,8013.18994140625,8046.39013671875,8046.3583984375,59100
2018-10-10,8062.4599609375,8090.22021484375,7952.1298828125,8010.68994140625,8010.658203125,61500
2018-10-11,7753.02978515625,7803.2900390625,7481.89013671875,7524.08984375,7524.06005859375,112000
2018-10-12,7484.85986328125,7595.93017578125,7331.81005859375,7558.27978515625,7558.25,98500
2018-10-15,7571.7099609375,7622.02978515625,7430.9599609375,7444.47998046875,7444.45068359375,72600
2018-10-16,7444.93994140625,7493.14990234375,7263.2900390625,7298.97998046875,7298.951171875,73000
2018-10-17,7390.68994140625,7419.2099609375,7206.33984375,7365.2099609375,7365.18115234375,81200
2018-10-18,7309.0,7316.18994140625,7182.39013671875,7187.490234375,7187.4619140625,74200
2018-10-19,7097.0400390625,7390.919921875,7084.43994140625,7387.740234375,7387.7109375,90800
2018-10-22,7464.919921875,7816.81982421875,7464.919921875,7748.81982421875,7748.78955078125,126500
2018-10-23,7752.18017578125,7769.52001953125,7523.06982421875,7574.990234375,7574.96044921875,101600
2018-10-24,7531.60009765625,7653.240234375,7484.6298828125,7545.10986328125,7545.080078125,84700
2018-10-25,7334.52001953125,7543.10986328125,7305.77001953125,7529.41015625,7529.38037109375,89800
2018-10-26,7582.77001953125,7621.3798828125,7476.1298828125,7504.72021484375,7504.69091796875,87300
2018-10-29,7449.64013671875,7450.3798828125,7290.81982421875,7322.240234375,7322.21142578125,74300
2018-10-30,7271.9599609375,7451.66015625,7189.35009765625,7375.22998046875,7375.201171875,94700
2018-10-31,7385.97998046875,7526.60009765625,7373.75,7482.830078125,7482.80078125,88200
2018-11-01,7568.2001953125,7689.56982421875,7558.39990234375,7567.7900390625,7567.76025390625,113500
2018-11-02,7763.490234375,7867.5400390625,7709.43994140625,7867.5400390625,7867.50927734375,130500
2018-11-05,7831.81982421875,7895.5400390625,7733.14013671875,7839.080078125,7839.04931640625,113100
2018-11-06,7807.08984375,7807.08984375,7701.509765625,7791.25,7791.21923828125,88600
2018-11-07,7783.1298828125,7871.169921875,7745.39013671875,7752.0400390625,7752.009765625,96700
2018-11-08,7813.6298828125,7823.60009765625,7692.33984375,7698.02001953125,7697.98974609375,84500
2018-11-09,7650.169921875,7705.259765625,7626.169921875,7648.5498046875,7648.51953125,82800
2018-11-12,7634.81982421875,7832.81982421875,7622.47021484375,7832.2900390625,7832.25927734375,107300
2018-11-13,7733.10986328125,8008.10986328125,7718.68017578125,7963.66015625,7963.62890625,156000
2018-11-14,7942.080078125,7990.4501953125,7894.2099609375,7908.5498046875,7908.5185546875,127600
2018-11-15,7889.919921875,8002.10009765625,7884.33984375,8002.10009765625,8002.06884765625,115300
2018-11-16,8003.47021484375,8116.72998046875,7959.14013671875,8062.2900390625,8062.25830078125,137700
2018-11-19,8050.5498046875,8108.85009765625,8014.56982421875,8108.85009765625,8108.818359375,127300
2018-11-20,8031.35986328125,8054.240234375,7870.41015625,7879.52001953125,7879.4892578125,124700
2018-11-21,7786.77978515625,7919.06982421875,7776.56005859375,7908.47021484375,7908.43896484375,101500
2018-11-22,7929.7900390625,7950.97021484375,7857.81005859375,7893.990234375,7893.958984375,88200
2018-11-23,7882.85009765625,7889.1298828125,7616.47021484375,7636.7001953125,7636.669921875,107100
2018-11-26,7627.39990234375,7682.2001953125,7586.60009765625,7615.91015625,7615.88037109375,70700
2018-11-27,7657.7998046875,7682.759765625,7589.0,7635.16015625,7635.1298828125,69500
2018-11-28,7633.3701171875,7757.06982421875,7572.64990234375,7757.06982421875,7757.03955078125,91700
2018-11-29,7800.56982421875,7820.4501953125,7597.009765625,7597.009765625,7596.97998046875,91000
2018-11-30,7583.83984375,7688.8798828125,7537.919921875,7681.75,7681.7197265625,77200
2018-12-03,7901.830078125,7968.08984375,7835.22998046875,7938.47021484375,7938.47021484375,120600
2018-12-04,7916.5498046875,7954.31005859375,7890.66015625,7953.72021484375,7953.72021484375,86600
2018-12-05,7825.1201171875,7972.97998046875,7808.740234375,7928.509765625,7928.509765625,89800
2018-12-06,7854.58984375,7872.4501953125,7725.990234375,7735.0498046875,7735.0498046875,84100
2018-12-07,7741.72998046875,7765.14013671875,7712.27001953125,7733.89013671875,7733.89013671875,63400
2018-12-10,7663.259765625,7698.52978515625,7606.0,7624.85986328125,7624.85986328125,68600
2018-12-11,7642.16015625,7685.39990234375,7628.14990234375,7685.39990234375,7685.39990234375,61500
2018-12-12,7721.81982421875,7737.240234375,7675.259765625,7698.02001953125,7698.02001953125,60200
2018-12-13,7717.47021484375,7849.66015625,7679.02001953125,7808.0400390625,7808.0400390625,81700
2018-12-14,7785.2900390625,7792.740234375,7624.72021484375,7629.64990234375,7629.64990234375,81300
2018-12-17,7599.009765625,7618.68017578125,7515.4599609375,7592.64990234375,7592.64990234375,65300
2018-12-18,7540.9599609375,7609.39013671875,7473.4501953125,7530.31982421875,7530.31982421875,63300
2018-12-19,7541.5,7548.72021484375,7407.4599609375,7418.68994140625,7418.68994140625,56800
2018-12-20,7402.2001953125,7445.0498046875,7363.77001953125,7426.43994140625,7426.43994140625,61700
2018-12-21,7399.14990234375,7405.27001953125,7283.759765625,7337.60009765625,7337.60009765625,72300
2018-12-24,7315.259765625,7393.7099609375,7293.14990234375,7392.56005859375,7392.56005859375,57700
2018-12-25,7308.60986328125,7362.06982421875,7180.080078125,7332.35009765625,7332.35009765625,80000
2018-12-26,7323.990234375,7369.83984375,7277.56005859375,7289.5498046875,7289.5498046875,60800
2018-12-27,7402.60009765625,7415.919921875,7215.33984375,7215.33984375,7215.33984375,74000
2018-12-28,7229.8701171875,7282.5,7174.89990234375,7239.7900390625,7239.7900390625,67400
2019-01-02,7259.490234375,7266.47021484375,7136.9501953125,7149.27001953125,7149.27001953125,62800
2019-01-03,7134.14990234375,7217.830078125,7081.830078125,7089.43994140625,7089.43994140625,72000
2019-01-04,7022.1201171875,7284.83984375,7011.330078125,7284.83984375,7284.83984375,104000
2019-01-07,7333.31982421875,7409.3798828125,7303.4599609375,7400.2001953125,7400.2001953125,105700
2019-01-08,7381.60986328125,7412.18994140625,7361.41015625,7391.64990234375,7391.64990234375,92400
2019-01-09,7425.64013671875,7552.2001953125,7404.490234375,7447.93017578125,7447.93017578125,109600
2019-01-10,7442.7001953125,7491.68994140625,7415.27978515625,7428.60986328125,7428.60986328125,87800
2019-01-11,7441.18017578125,7490.169921875,7404.31005859375,7474.009765625,7474.009765625,82100
2019-01-14,7473.8798828125,7488.35986328125,7394.9599609375,7409.2001953125,7409.2001953125,83000
2019-01-15,7403.7900390625,7549.66015625,7386.14990234375,7547.35009765625,7547.35009765625,90600
2019-01-16,7545.35009765625,7586.66015625,7518.7099609375,7540.4501953125,7540.4501953125,89100
2019-01-17,7534.0400390625,7545.81005859375,7463.990234375,7470.35986328125,7470.35986328125,85100
2019-01-18,7486.9501953125,7584.759765625,7479.66015625,7581.39013671875,7581.39013671875,96400
2019-01-21,7591.18994140625,7661.6201171875,7578.490234375,7626.240234375,7626.240234375,90400
2019-01-22,7615.7998046875,7615.7998046875,7493.77978515625,7516.7900390625,7516.7900390625,77600
2019-01-23,7493.06982421875,7542.64990234375,7489.31982421875,7523.77001953125,7523.77001953125,65000
2019-01-24,7537.5,7604.990234375,7485.240234375,7573.52001953125,7573.52001953125,82000
2019-01-25,7581.2900390625,7657.02978515625,7554.5498046875,7595.4501953125,7595.4501953125,89000
2019-01-28,7641.2900390625,7704.85009765625,7569.77001953125,7589.580078125,7589.580078125,84200
2019-01-29,7575.43017578125,7578.1298828125,7428.39990234375,7551.2998046875,7551.2998046875,88100
2019-01-30,7518.02978515625,7580.22021484375,7470.35986328125,7470.47021484375,7470.47021484375,70200
2019-01-31,7485.7900390625,7552.56005859375,7428.85986328125,7479.22021484375,7479.22021484375,89900
2019-02-01,7524.669921875,7684.10986328125,7517.830078125,7684.0,7684.0,89500
2019-02-11,7695.169921875,7922.5400390625,7695.169921875,7919.0498046875,7919.0498046875,105000
2019-02-12,7915.06005859375,8027.6298828125,7903.89990234375,8010.06982421875,8010.06982421875,131700
2019-02-13,8029.97021484375,8191.97998046875,8016.77978515625,8171.2099609375,8171.2099609375,159300
2019-02-14,8182.31982421875,8260.330078125,8141.10009765625,8219.9599609375,8219.9599609375,159700
2019-02-15,8198.4501953125,8223.6396484375,8117.509765625,8125.6298828125,8125.6298828125,153800
2019-02-18,8187.89013671875,8446.919921875,8187.89013671875,8446.919921875,8446.919921875,194400
2019-02-19,8480.759765625,8537.349609375,8350.8603515625,8440.8701171875,8440.8701171875,204000
2019-02-20,8443.98046875,8488.4697265625,8372.9599609375,8473.4296875,8473.4296875,168300
2019-02-21,8467.150390625,8619.6201171875,8416.169921875,8451.7099609375,8451.7099609375,198600
2019-02-22,8431.5595703125,8651.2001953125,8393.8603515625,8651.2001953125,8651.2001953125,195800
2019-02-25,8804.9697265625,9134.580078125,8785.419921875,9134.580078125,9134.580078125,315600
2019-02-26,9162.919921875,9276.4501953125,9036.75,9089.0400390625,9089.0400390625,342700
2019-02-27,9062.9697265625,9158.2001953125,8901.7197265625,9005.76953125,9005.76953125,258600
2019-02-28,9001.1796875,9097.400390625,8970.650390625,9031.9296875,9031.9296875,188200
2019-03-01,9111.9599609375,9167.650390625,9005.490234375,9167.650390625,9167.650390625,189700
2019-03-04,9280.650390625,9567.150390625,9260.73046875,9384.419921875,9384.419921875,295500
2019-03-05,9366.76953125,9595.740234375,9328.0,9595.740234375,9595.740234375,256600
2019-03-06,9640.9501953125,9707.919921875,9518.7099609375,9700.490234375,9700.490234375,323200
2019-03-07,9685.2998046875,9782.2197265625,9546.5595703125,9678.1103515625,9678.1103515625,313300
2019-03-08,9447.599609375,9726.2998046875,9346.73046875,9363.7197265625,9363.7197265625,343000
2019-03-11,9425.7998046875,9704.330078125,9370.3798828125,9704.330078125,9704.330078125,263400
2019-03-12,9766.5,9928.2001953125,9683.0703125,9841.240234375,9841.240234375,304000
2019-03-13,9828.150390625,9828.150390625,9534.330078125,9592.0595703125,9592.0595703125,269300
2019-03-14,9521.6201171875,9620.4599609375,9323.0595703125,9417.9296875,9417.9296875,213600
2019-03-15,9485.330078125,9650.5400390625,9452.91015625,9550.5400390625,9550.5400390625,180200
2019-03-18,9583.4501953125,9843.4296875,9510.66015625,9843.4296875,9843.4296875,199900
2019-03-19,9844.4599609375,9908.169921875,9774.75,9839.740234375,9839.740234375,193500
2019-03-20,9828.0703125,9848.76953125,9642.669921875,9800.599609375,9800.599609375,204100
2019-03-21,9808.740234375,9934.8603515625,9771.8603515625,9869.7998046875,9869.7998046875,234300
2019-03-22,9871.990234375,9891.830078125,9692.25,9879.2197265625,9879.2197265625,203100
2019-03-25,9705.01953125,9858.080078125,9680.9404296875,9701.7001953125,9701.7001953125,205800
2019-03-26,9753.169921875,9780.080078125,9487.099609375,9513.0,9513.0,195600
2019-03-27,9582.0302734375,9609.4404296875,9446.349609375,9609.4404296875,9609.4404296875,161600
2019-03-28,9586.3798828125,9695.51953125,9537.6103515625,9546.509765625,9546.509765625,154100
2019-03-29,9556.2998046875,9906.8603515625,9554.0703125,9906.8603515625,9906.8603515625,202700
2019-04-01,9976.98046875,10277.5498046875,9976.98046875,10267.7001953125,10267.7001953125,253500
2019-04-02,10314.7900390625,10334.9501953125,10220.8095703125,10260.3603515625,10260.3603515625,249900
2019-04-03,10199.9697265625,10350.5703125,10166.669921875,10340.509765625,10340.509765625,210400
2019-04-04,10379.2001953125,10453.5,10309.5302734375,10415.7998046875,10415.7998046875,222800
2019-04-08,10510.4296875,10541.1904296875,10226.25,10351.8701171875,10351.8701171875,248100
2019-04-09,10368.0302734375,10438.990234375,10304.73046875,10436.6201171875,10436.6201171875,189900
2019-04-10,10403.240234375,10529.740234375,10328.6103515625,10435.080078125,10435.080078125,206500
2019-04-11,10420.650390625,10437.4501953125,10149.3798828125,10158.400390625,10158.400390625,179500
2019-04-12,10138.08984375,10186.4697265625,10053.8095703125,10132.33984375,10132.33984375,143400
2019-04-15,10294.8203125,10365.3095703125,10048.830078125,10053.759765625,10053.759765625,168100
2019-04-16,9993.25,10287.6396484375,9928.2802734375,10287.6396484375,10287.6396484375,175500
2019-04-17,10288.4501953125,10410.650390625,10257.5595703125,10344.4296875,10344.4296875,188300
2019-04-18,10338.5,10363.849609375,10267.3095703125,10287.669921875,10287.669921875,157300
2019-04-19,10280.33984375,10418.240234375,10208.6103515625,10418.240234375,10418.240234375,156700
2019-04-22,10418.7099609375,10418.7099609375,10192.51953125,10224.3095703125,10224.3095703125,174500
2019-04-23,10206.01953125,10247.3896484375,10091.919921875,10124.66015625,10124.66015625,159000
2019-04-24,10162.3798828125,10239.3701171875,10023.91015625,10236.26953125,10236.26953125,161300
2019-04-25,10186.23046875,10209.1396484375,9902.01953125,9907.6201171875,9907.6201171875,172800
2019-04-26,9852.9404296875,9927.740234375,9774.75,9780.8203125,9780.8203125,140600
2019-05-06,9289.740234375,9333.919921875,8893.150390625,8943.51953125,8943.51953125,167900
2019-05-07,9011.51953125,9160.51953125,8928.5703125,9089.4599609375,9089.4599609375,130700
2019-05-08,8899.91015625,9167.8095703125,8873.4404296875,9002.5302734375,9002.5302734375,121100
2019-05-09,8919.5,9012.240234375,8860.169921875,8877.3095703125,8877.3095703125,101700
2019-05-10,8988.919921875,9238.5498046875,8820.58984375,9235.3896484375,9235.3896484375,145100
2019-05-13,9112.51953125,9191.0703125,9059.3203125,9103.3603515625,9103.3603515625,106400
2019-05-14,8998.9697265625,9142.4599609375,8996.919921875,9038.3603515625,9038.3603515625,100800
2019-05-15,9125.26953125,9282.9599609375,9123.900390625,9259.0302734375,9259.0302734375,110600
2019-05-16,9247.990234375,9307.2197265625,9211.75,9293.3203125,9293.3203125,117300
2019-05-17,9299.4599609375,9303.0498046875,8964.3701171875,9000.1904296875,9000.1904296875,135800
2019-05-20,8980.7998046875,8994.1796875,8792.83984375,8916.1103515625,8916.1103515625,113900
2019-05-21,8920.4599609375,9120.6904296875,8892.150390625,9087.51953125,9087.51953125,118300
2019-05-22,9068.990234375,9132.3701171875,8986.5302734375,9041.2197265625,9041.2197265625,111500
2019-05-23,8997.25,8997.25,8789.41015625,8809.5302734375,8809.5302734375,111300
2019-05-24,8788.169921875,8880.8095703125,8745.599609375,8776.76953125,8776.76953125,93000
2019-05-27,8795.1396484375,9003.8701171875,8732.98046875,8979.830078125,8979.830078125,117200
2019-05-28,8979.580078125,9082.7001953125,8946.7001953125,9035.6904296875,9035.6904296875,109700
2019-05-29,8971.2197265625,9077.509765625,8956.7197265625,9010.3603515625,9010.3603515625,96400
2019-05-30,8974.400390625,8974.400390625,8845.830078125,8943.349609375,8943.349609375,105900
2019-05-31,8939.41015625,9016.16015625,8892.1201171875,8922.6904296875,8922.6904296875,95700
2019-06-03,8953.3701171875,9012.080078125,8826.75,8856.990234375,8856.990234375,107300
2019-06-04,8854.5,8868.08984375,8697.490234375,8748.26953125,8748.26953125,95400
2019-06-05,8831.1298828125,8851.1201171875,8729.2099609375,8746.0498046875,8746.0498046875,87600
2019-06-06,8741.830078125,8741.830078125,8557.580078125,8584.9404296875,8584.9404296875,93000
2019-06-10,8621.73046875,8748.9697265625,8582.48046875,8711.7900390625,8711.7900390625,86800
2019-06-11,8721.26953125,9045.1201171875,8718.4697265625,9037.669921875,9037.669921875,134600
2019-06-12,9008.5595703125,9038.8701171875,8930.91015625,8954.7197265625,8954.7197265625,114800
2019-06-13,8948.580078125,8974.7998046875,8866.2197265625,8951.6103515625,8951.6103515625,97300
2019-06-14,8956.919921875,8994.16015625,8801.330078125,8810.1298828125,8810.1298828125,104500
2019-06-17,8807.83984375,8864.76953125,8753.419921875,8780.8701171875,8780.8701171875,76400
2019-06-18,8785.76953125,8839.23046875,8722.9296875,8804.3203125,8804.3203125,70500
2019-06-19,9051.849609375,9084.1796875,8923.4404296875,8925.73046875,8925.73046875,112500
2019-06-20,8923.5703125,9183.150390625,8900.75,9134.9599609375,9134.9599609375,134900
2019-06-21,9181.6396484375,9252.5498046875,9158.3203125,9214.26953125,9214.26953125,143100
2019-06-24,9220.23046875,9251.48046875,9171.349609375,9212.1201171875,9212.1201171875,104900
2019-06-25,9206.1796875,9206.1796875,9004.759765625,9118.099609375,9118.099609375,105700
2019-06-26,9064.1298828125,9164.2802734375,9040.3203125,9122.4296875,9122.4296875,77200
2019-06-27,9154.0400390625,9274.419921875,9152.6298828125,9239.48046875,9239.48046875,96500
2019-06-28,9236.0595703125,9236.0595703125,9126.8896484375,9178.3095703125,9178.3095703125,86400
2019-07-01,9384.7900390625,9530.4599609375,9339.76953125,9530.4599609375,9530.4599609375,153600
2019-07-02,9516.419921875,9560.51953125,9483.16015625,9545.51953125,9545.51953125,131300
2019-07-03,9519.7998046875,9520.3798828125,9376.3095703125,9419.83984375,9419.83984375,104300
2019-07-04,9435.0400390625,9466.01953125,9323.0703125,9368.2998046875,9368.2998046875,90900
2019-07-05,9379.9404296875,9464.3896484375,9345.7900390625,9443.2197265625,9443.2197265625,74500
2019-07-08,9419.6904296875,9420.240234375,9124.16015625,9186.2900390625,9186.2900390625,104100
2019-07-09,9178.91015625,9221.7197265625,9119.650390625,9198.7900390625,9198.7900390625,71800
2019-07-10,9231.8603515625,9239.2802734375,9130.5302734375,9166.150390625,9166.150390625,74900
2019-07-11,9216.9501953125,9282.9501953125,9121.4599609375,9152.76953125,9152.76953125,74700
2019-07-12,9161.26953125,9236.419921875,9122.41015625,9213.3798828125,9213.3798828125,75200
2019-07-15,9181.0302734375,9358.080078125,9066.7099609375,9309.419921875,9309.419921875,106400
2019-07-16,9294.5595703125,9324.91015625,9255.4296875,9283.41015625,9283.41015625,91200
2019-07-17,9274.6904296875,9354.8095703125,9242.25,9302.0,9302.0,110100
2019-07-18,9258.1201171875,9258.1201171875,9153.009765625,9154.650390625,9154.650390625,96600
2019-07-19,9198.8203125,9298.2099609375,9198.8203125,9228.5498046875,9228.5498046875,87800
2019-07-22,9247.2802734375,9254.650390625,9073.490234375,9122.6396484375,9122.6396484375,92900
2019-07-23,9125.4599609375,9175.830078125,9104.759765625,9175.830078125,9175.830078125,70800
2019-07-24,9203.23046875,9312.669921875,9203.23046875,9266.2998046875,9266.2998046875,93600
2019-07-25,9265.3095703125,9344.8203125,9247.9697265625,9344.8203125,9344.8203125,99000
2019-07-26,9310.650390625,9363.26953125,9294.6103515625,9349.0,9349.0,81700
2019-07-29,9350.2099609375,9376.419921875,9310.6298828125,9354.2802734375,9354.2802734375,85500
2019-07-30,9362.23046875,9469.080078125,9362.23046875,9399.099609375,9399.099609375,100300
2019-07-31,9374.4404296875,9374.4404296875,9318.58984375,9326.6103515625,9326.6103515625,82200
2019-08-01,9278.830078125,9327.9404296875,9223.3095703125,9268.0498046875,9268.0498046875,83100
2019-08-02,9049.349609375,9150.73046875,9020.259765625,9136.4599609375,9136.4599609375,103200
2019-08-05,9093.0703125,9168.099609375,8984.73046875,8984.73046875,8984.73046875,94000
2019-08-06,8805.150390625,8898.3798828125,8669.900390625,8859.4697265625,8859.4697265625,123300
2019-08-07,8919.8896484375,8933.990234375,8814.740234375,8814.740234375,8814.740234375,81400
2019-08-08,8870.1796875,8936.48046875,8859.48046875,8919.2802734375,8919.2802734375,78400
2019-08-09,8963.4697265625,8970.51953125,8780.7197265625,8795.1796875,8795.1796875,86100
2019-08-12,8816.8896484375,8978.51953125,8798.5,8978.51953125,8978.51953125,85000
2019-08-13,8910.150390625,8960.01953125,8869.4599609375,8902.6298828125,8902.6298828125,75300
2019-08-14,9034.0498046875,9060.400390625,8956.080078125,8966.4697265625,8966.4697265625,98800
2019-08-15,8779.5302734375,9011.76953125,8758.0400390625,9009.6796875,9009.6796875,99000
2019-08-16,9007.150390625,9136.2099609375,8995.5703125,9060.919921875,9060.919921875,105200
2019-08-19,9165.7998046875,9328.9697265625,9141.8896484375,9328.9697265625,9328.9697265625,147200
2019-08-20,9340.66015625,9389.3896484375,9301.919921875,9328.73046875,9328.73046875,135500
2019-08-21,9304.51953125,9361.740234375,9287.3095703125,9322.75,9322.75,112800
2019-08-22,9350.650390625,9363.7900390625,9282.759765625,9350.5595703125,9350.5595703125,116400
2019-08-23,9357.0,9397.759765625,9311.259765625,9362.5498046875,9362.5498046875,112100
2019-08-26,9181.7099609375,9298.099609375,9173.009765625,9270.3896484375,9270.3896484375,117100
2019-08-27,9333.099609375,9517.650390625,9333.099609375,9443.1796875,9443.1796875,145800
2019-08-28,9449.400390625,9453.759765625,9375.5703125,9414.0,9414.0,121000
2019-08-29,9429.0,9440.669921875,9363.150390625,9398.4697265625,9398.4697265625,112400
2019-08-30,9458.3896484375,9492.0400390625,9310.1103515625,9365.6796875,9365.6796875,125500
2019-09-02,9393.0302734375,9586.51953125,9389.48046875,9569.4697265625,9569.4697265625,130900
2019-09-03,9591.419921875,9633.6904296875,9547.759765625,9633.6904296875,9633.6904296875,134200
2019-09-04,9612.6201171875,9700.3203125,9590.98046875,9700.3203125,9700.3203125,149700
2019-09-05,9752.33984375,9900.759765625,9751.9501953125,9783.5,9783.5,198800
2019-09-06,9829.9697265625,9837.23046875,9742.26953125,9823.419921875,9823.419921875,144100
2019-09-09,9907.1298828125,10001.9296875,9853.6904296875,10001.9296875,10001.9296875,178100
2019-09-10,10005.8095703125,10005.8095703125,9903.419921875,9964.9296875,9964.9296875,165800
2019-09-11,9985.1103515625,10000.25,9835.9697265625,9853.7197265625,9853.7197265625,151200
2019-09-12,9886.25,9941.169921875,9837.26953125,9919.7998046875,9919.7998046875,119700
2019-09-16,9952.330078125,9962.150390625,9877.1103515625,9918.08984375,9918.08984375,129600
2019-09-17,9890.580078125,9890.580078125,9684.150390625,9722.7998046875,9722.7998046875,134600
2019-09-18,9747.98046875,9785.6201171875,9701.6396484375,9753.3095703125,9753.3095703125,104800
2019-09-19,9786.400390625,9852.2001953125,9733.9697265625,9852.2001953125,9852.2001953125,112600
2019-09-20,9873.9404296875,9903.6904296875,9832.3896484375,9881.25,9881.25,122100
2019-09-23,9853.4697265625,9853.4697265625,9703.66015625,9781.1396484375,9781.1396484375,120500
2019-09-24,9783.3896484375,9896.1796875,9761.0302734375,9811.3798828125,9811.3798828125,125900
2019-09-25,9768.3798828125,9768.3798828125,9656.0498046875,9671.0595703125,9671.0595703125,122300
2019-09-26,9698.2802734375,9707.919921875,9464.83984375,9464.83984375,9464.83984375,120600
2019-09-27,9470.5400390625,9574.5,9467.150390625,9548.9599609375,9548.9599609375,92800
2019-09-30,9544.01953125,9581.6396484375,9446.0400390625,9446.240234375,9446.240234375,81800
2019-10-08,9474.5703125,9556.9599609375,9468.740234375,9474.75,9474.75,86200
2019-10-09,9443.4501953125,9507.0400390625,9380.5703125,9506.5595703125,9506.5595703125,82100
2019-10-10,9504.0302734375,9643.51953125,9480.169921875,9638.099609375,9638.099609375,97800
2019-10-11,9656.98046875,9704.6796875,9583.51953125,9666.580078125,9666.580078125,100700
2019-10-14,9753.580078125,9840.58984375,9725.6796875,9786.6396484375,9786.6396484375,124500
2019-10-15,9759.9501953125,9759.9501953125,9658.509765625,9671.73046875,9671.73046875,107200
2019-10-16,9678.3095703125,9722.1201171875,9635.4501953125,9642.0595703125,9642.0595703125,93400
2019-10-17,9657.08984375,9670.7001953125,9617.009765625,9645.3896484375,9645.3896484375,81000
2019-10-18,9665.8095703125,9706.3798828125,9516.75,9533.509765625,9533.509765625,96900
2019-10-21,9533.08984375,9560.98046875,9476.4501953125,9553.5703125,9553.5703125,82600
2019-10-22,9582.1103515625,9642.9296875,9558.3603515625,9642.08984375,9642.08984375,81800
2019-10-23,9641.8896484375,9652.0703125,9547.5,9567.75,9567.75,82200
2019-10-24,9570.330078125,9598.330078125,9495.009765625,9555.759765625,9555.759765625,79800
2019-10-25,9562.2998046875,9665.599609375,9509.33984375,9660.4404296875,9660.4404296875,90400
2019-10-28,9721.6396484375,9802.150390625,9704.5302734375,9801.8701171875,9801.8701171875,129600
2019-10-29,9812.48046875,9818.740234375,9746.0302734375,9746.0302734375,9746.0302734375,136400
2019-10-30,9707.1796875,9726.9501953125,9647.0,9681.5400390625,9681.5400390625,110300
2019-10-31,9709.099609375,9720.9697265625,9626.9296875,9635.330078125,9635.330078125,101000
2019-11-01,9621.8896484375,9814.669921875,9604.3095703125,9802.330078125,9802.330078125,97200
2019-11-04,9828.599609375,9908.2001953125,9828.599609375,9868.1298828125,9868.1298828125,107600
2019-11-05,9885.01953125,9982.33984375,9847.2001953125,9938.6103515625,9938.6103515625,111600
2019-11-06,9947.3095703125,9947.3095703125,9829.75,9860.9697265625,9860.9697265625,104600
2019-11-07,9849.9599609375,9939.5302734375,9835.8896484375,9917.490234375,9917.490234375,97000
2019-11-08,9985.2001953125,10008.509765625,9891.0,9895.33984375,9895.33984375,107700
2019-11-11,9821.41015625,9821.41015625,9664.0595703125,9680.5703125,9680.5703125,99900
2019-11-12,9675.5595703125,9699.419921875,9570.4404296875,9670.1396484375,9670.1396484375,89000
2019-11-13,9678.650390625,9702.509765625,9622.3095703125,9687.849609375,9687.849609375,76500
2019-11-14,9689.9296875,9768.669921875,9677.759765625,9746.5595703125,9746.5595703125,95400
2019-11-15,9741.9296875,9777.6904296875,9647.990234375,9647.990234375,9647.990234375,95400
2019-11-18,9635.8095703125,9725.7802734375,9624.9501953125,9715.26953125,9715.26953125,86100
2019-11-19,9721.009765625,9889.75,9711.2900390625,9889.75,9889.75,99200
2019-11-20,9885.900390625,9908.6298828125,9796.9501953125,9809.0498046875,9809.0498046875,100800
2019-11-21,9772.0302734375,9818.490234375,9733.4404296875,9774.4404296875,9774.4404296875,81400
2019-11-22,9794.3203125,9875.7099609375,9573.4697265625,9626.900390625,9626.900390625,110800
2019-11-25,9626.41015625,9643.23046875,9515.330078125,9626.3603515625,9626.3603515625,107200
2019-11-26,9662.41015625,9698.599609375,9609.73046875,9677.23046875,9677.23046875,112200
2019-11-27,9643.1103515625,9694.2197265625,9589.2099609375,9648.3896484375,9648.3896484375,96800
2019-11-28,9650.26953125,9679.9599609375,9594.3701171875,9622.1396484375,9622.1396484375,79400
2019-11-29,9614.7099609375,9633.1396484375,9490.849609375,9582.16015625,9582.16015625,84800
2019-12-02,9603.01953125,9647.9501953125,9582.3203125,9605.1904296875,9605.1904296875,86100
2019-12-03,9585.75,9657.650390625,9531.259765625,9657.650390625,9657.650390625,85700
2019-12-04,9624.1904296875,9703.400390625,9614.0400390625,9687.9501953125,9687.9501953125,94100
2019-12-05,9719.2998046875,9817.2099609375,9703.91015625,9799.0703125,9799.0703125,107700
2019-12-06,9804.0400390625,9878.6201171875,9791.5595703125,9878.6201171875,9878.6201171875,100600
2019-12-09,9908.9697265625,9917.6103515625,9853.2001953125,9876.26953125,9876.26953125,118600
2019-12-10,9850.0400390625,9915.8701171875,9826.830078125,9915.8701171875,9915.8701171875,115200
2019-12-11,9905.91015625,9921.650390625,9829.1103515625,9852.7099609375,9852.7099609375,119000
2019-12-12,9862.4296875,9887.5595703125,9824.41015625,9836.23046875,9836.23046875,107300
2019-12-13,9923.7900390625,10014.2099609375,9907.759765625,10004.6201171875,10004.6201171875,144500
2019-12-16,10040.259765625,10158.240234375,10015.4501953125,10158.240234375,10158.240234375,172800
2019-12-17,10157.4296875,10350.650390625,10148.6904296875,10306.0302734375,10306.0302734375,209600
2019-12-18,10299.0498046875,10365.16015625,10266.6396484375,10294.66015625,10294.66015625,172900
2019-12-19,10298.509765625,10316.76953125,10254.9501953125,10296.2900390625,10296.2900390625,143600
2019-12-20,10305.099609375,10343.0703125,10229.099609375,10229.490234375,10229.490234375,147300
2019-12-23,10202.23046875,10248.7998046875,10050.41015625,10056.2099609375,10056.2099609375,137000
2019-12-24,10080.3701171875,10190.0400390625,10065.5498046875,10189.2900390625,10189.2900390625,112600
2019-12-25,10176.7197265625,10255.2001953125,10170.2099609375,10229.580078125,10229.580078125,122500
2019-12-26,10239.759765625,10303.7197265625,10221.33984375,10303.7197265625,10303.7197265625,125900
2019-12-27,10326.51953125,10377.9404296875,10226.6201171875,10233.76953125,10233.76953125,164800
2019-12-30,10203.8203125,10365.9599609375,10133.8798828125,10365.9599609375,10365.9599609375,152000
2019-12-31,10360.7802734375,10433.2900390625,10352.8896484375,10430.76953125,10430.76953125,128700
